City_ID,City,Lat,Lng,Max Temp,Humidity,Cloudiness,Wind Speed,Country,Date
0,vadso,70.0744,29.7487,10.49,53,0,3.6,NO,1686539768
1,tofol,5.3248,163.0078,30.88,66,75,6.69,FM,1686539731
2,taulaga,-11.0553,-171.0883,28.27,79,65,7.43,AS,1686539854
3,wailua homesteads,22.0669,-159.378,26.44,79,75,6.69,US,1686540238
4,carnarvon,-24.8667,113.6333,17.9,47,0,8.51,AU,1686539729
5,port-aux-francais,-49.35,70.2167,5.4,92,100,16.48,TF,1686540238
6,manismata,-2.4667,111.0333,31.24,60,46,2.32,ID,1686540239
7,grytviken,-54.2811,-36.5092,-3.46,77,50,3.91,GS,1686540239
8,adamstown,-25.066,-130.1015,20.88,57,70,5.77,PN,1686540239
9,fort abbas,29.1925,72.8536,36.26,34,0,10.69,PK,1686540239
10,niafunke,15.9322,-3.9906,31.18,45,90,5.46,ML,1686540239
11,stanley,54.868,-1.6985,14.3,92,0,0.51,GB,1686539764
12,badger,64.8,-147.5333,19.17,46,40,2.06,US,1686539640
13,cabo san lucas,22.8909,-109.9124,29.78,44,0,5.14,MX,1686539548
14,udachny,66.4167,112.4,7.35,58,31,6.23,RU,1686539668
15,susuman,62.7833,148.1667,23.91,32,100,7.54,RU,1686539653
16,liuhe,42.2401,125.7172,20.74,60,26,1.66,CN,1686540240
17,albany,42.6001,-73.9662,19.57,93,88,1.53,US,1686540196
18,enewetak,11.3474,162.3373,28.02,82,97,8.27,MH,1686539698
19,blackmans bay,-43.0167,147.3167,14.85,66,62,3.07,AU,1686540241
20,saipan,15.1355,145.701,31.39,100,40,5.81,MP,1686539700
21,jayapura,-2.5333,140.7,30.66,73,95,2.01,ID,1686539739
22,antofagasta,-23.65,-70.4,16.6,82,77,2.36,CL,1686539527
23,swakopmund,-22.6833,14.5333,11.1,87,0,1.83,NA,1686539995
24,tolanaro,-25.0319,46.9987,17.04,94,20,0.0,MG,1686540242
25,gwanda,-20.9333,29.0,14.94,69,84,2.15,ZW,1686540242
26,margaret river,-33.95,115.0667,15.62,64,82,5.18,AU,1686539649
27,nova sintra,14.8667,-24.7167,21.89,83,22,10.61,CV,1686539677
28,south portland gardens,43.639,-70.3153,17.96,78,75,0.45,US,1686540243
29,zambezi,-13.5432,23.1047,13.14,55,0,1.82,ZM,1686539847
30,cockburn town,21.4612,-71.1419,27.93,86,2,8.69,TC,1686539687
31,la plata,-34.9215,-57.9545,6.57,67,0,3.85,AR,1686539900
32,bilibino,68.0546,166.4372,17.29,40,100,5.49,RU,1686540244
33,avarua,-21.2078,-159.775,26.03,78,18,2.57,CK,1686539650
34,waitangi,-43.9535,-176.5597,12.12,89,100,0.45,NZ,1686540193
35,danilovka,50.3557,44.1168,14.13,60,99,9.08,RU,1686540244
36,seguela,7.9611,-6.6731,21.51,97,90,3.23,CI,1686540245
37,horta,38.5333,-28.6333,19.45,88,100,6.71,PT,1686539767
38,bethel,41.3712,-73.414,20.36,75,75,3.6,US,1686540245
39,hotan,37.0997,79.9269,31.8,14,74,2.7,CN,1686539890
40,el calafate,-50.3408,-72.2768,0.42,70,0,4.41,AR,1686539697
41,mahuta,-10.8667,39.45,15.84,97,2,0.3,TZ,1686540245
42,ribeira grande,38.5167,-28.7,19.87,88,100,6.26,PT,1686540246
43,sinop,41.7711,34.8709,13.92,93,21,1.31,TR,1686540098
44,emerald,-23.5333,148.1667,24.63,42,36,2.41,AU,1686539650
45,hajdunanas,47.85,21.4333,15.04,76,2,6.45,HU,1686540246
46,lupane,-18.9315,27.807,12.57,60,27,2.35,ZW,1686540246
47,atafu village,-8.5421,-172.5159,28.85,76,79,5.53,TK,1686539715
48,vila velha,-20.3297,-40.2925,23.97,89,0,5.66,BR,1686539683
49,mahanoro,-19.9,48.8,18.91,80,2,1.66,MG,1686540247
50,inhambane,-23.865,35.3833,18.63,83,0,3.21,MZ,1686539875
51,ushuaia,-54.8,-68.3,1.81,87,100,3.6,AR,1686539363
52,iqaluit,63.7506,-68.5145,-0.15,69,75,8.49,CA,1686539666
53,damavand,35.7178,52.065,19.14,42,0,0.95,IR,1686540248
54,mar del plata,-38.0023,-57.5575,6.72,57,3,2.68,AR,1686539512
55,opuwo,-18.0607,13.84,12.04,51,1,2.16,NA,1686539954
56,berriane,32.8265,3.7669,25.96,42,0,3.01,DZ,1686540248
57,talnakh,69.4865,88.3972,7.34,63,100,9.98,RU,1686539664
58,yellowknife,62.456,-114.3525,3.29,93,100,6.71,CA,1686540249
59,puerto natales,-51.7236,-72.4875,3.94,88,65,6.2,CL,1686540249
60,minas de marcona,-15.2119,-75.1103,11.81,88,45,6.12,PE,1686539726
61,marietta,33.9526,-84.5499,23.68,85,0,3.09,US,1686540249
62,mil'kovo,55.6078,37.7956,11.27,67,7,3.92,RU,1686539728
63,edmundston,47.3737,-68.3251,16.63,79,0,2.57,CA,1686540250
64,invercargill,-46.4,168.35,10.27,83,96,4.84,NZ,1686540084
65,yulinshi,38.2906,109.7494,24.74,24,45,7.22,CN,1686539661
66,yeppoon,-23.1333,150.7333,25.88,71,27,3.4,AU,1686540250
67,mankono,8.0586,-6.1897,21.42,97,79,2.61,CI,1686540251
68,archangelos,36.2149,28.1149,20.73,84,11,1.37,GR,1686540251
69,nuuk,64.1835,-51.7216,2.34,100,100,12.35,GL,1686539661
70,mount sterling,38.0565,-83.9433,19.03,99,100,3.6,US,1686540251
71,lianran,24.9227,102.485,18.3,60,98,0.09,CN,1686540251
72,jamestown,42.097,-79.2353,17.23,94,100,2.06,US,1686540129
73,kovdor,67.5662,30.4758,11.7,63,100,5.32,RU,1686540252
74,merizo village,13.2658,144.6691,30.85,86,100,7.95,GU,1686539975
75,porto novo,6.4965,2.6036,25.9,87,100,2.13,BJ,1686539825
76,petropavlovsk-kamchatsky,53.0452,158.6483,22.33,31,20,7.0,RU,1686540252
77,gadzhiyevo,69.2551,33.3362,7.76,82,100,4.71,RU,1686539745
78,ola,59.5833,151.2833,17.86,88,99,4.3,RU,1686539812
79,nueva guinea,11.6876,-84.4562,24.65,94,91,2.03,NI,1686540253
80,hithadhoo,-0.6,73.0833,28.34,73,100,2.93,MV,1686539746
81,santa elena de uairen,4.6167,-61.1333,19.75,91,99,1.18,VE,1686539952
82,natal,-5.795,-35.2094,23.36,100,20,2.06,BR,1686539796
83,alem paraiba,-21.8878,-42.7044,18.85,76,2,1.0,BR,1686540254
84,tynda,55.1667,124.7167,26.55,47,92,0.68,RU,1686539796
85,garachico,28.7781,-17.7646,20.06,73,40,2.06,ES,1686540254
86,koryazhma,61.3143,47.1691,9.46,60,9,2.05,RU,1686539835
87,caconda,-13.7333,15.0667,10.51,51,67,0.21,AO,1686540255
88,arbroath,56.5632,-2.5874,13.47,91,32,0.75,GB,1686540198
89,karukh,34.4811,62.5863,24.31,26,39,4.16,AF,1686540255
90,dryden,49.7833,-92.7503,18.16,45,40,1.03,CA,1686540255
91,whitehorse,60.7161,-135.0538,13.34,46,100,9.77,CA,1686540256
92,makinsk,52.6292,70.4169,19.35,62,70,3.3,KZ,1686540256
93,nuku'alofa,-21.1333,-175.2,23.19,73,75,2.06,TO,1686539718
94,palembang,-2.9167,104.7458,30.05,79,75,3.09,ID,1686540256
95,yermentau,51.6214,73.1069,22.84,34,19,3.52,KZ,1686540257
96,edinburgh of the seven seas,-37.0676,-12.3116,16.14,86,84,13.98,SH,1686540257
97,afaahiti,-17.75,-149.2833,26.93,71,75,7.46,PF,1686540194
98,mao,39.8885,4.2658,19.31,100,0,0.0,ES,1686540016
99,port alfred,-33.5906,26.891,13.43,71,82,2.24,ZA,1686539732
100,kingston,17.997,-76.7936,28.53,80,20,7.72,JM,1686539582
101,codrington,-38.2667,141.9667,15.51,60,21,7.93,AU,1686539695
102,chonchi,-42.6128,-73.8092,5.07,89,29,2.09,CL,1686539696
103,shangmei,27.7428,111.2956,31.89,52,98,0.83,CN,1686539877
104,richards bay,-28.783,32.0377,13.5,50,0,2.08,ZA,1686539749
105,port mathurin,-19.6833,63.4167,24.82,73,6,8.17,MU,1686540258
106,andapa,-14.65,49.65,16.86,99,27,1.01,MG,1686540259
107,san luis de la loma,17.2706,-100.8939,27.07,78,4,2.06,MX,1686539687
108,nemuro,43.3236,145.575,13.17,95,100,5.67,JP,1686540259
109,jennings,38.7192,-90.2604,18.66,75,100,6.17,US,1686540259
110,port hedland,-20.3167,118.5667,28.03,20,0,5.66,AU,1686539981
111,katabu,-4.9333,122.5167,27.35,72,100,2.55,ID,1686540260
112,huron,41.1501,-82.5499,18.87,94,100,4.82,US,1686540260
113,longyearbyen,78.2186,15.6401,2.91,70,75,4.63,SJ,1686540260
114,egilsstadir,65.2653,-14.3948,8.95,53,0,3.6,IS,1686539768
115,thompson,55.7435,-97.8558,19.09,55,40,0.0,CA,1686540261
116,toliara,-23.35,43.6667,18.59,88,0,2.78,MG,1686540261
117,kisangani,0.5167,25.2,20.53,96,89,1.14,CD,1686540261
118,khandyga,62.6667,135.6,20.67,59,100,3.12,RU,1686540261
119,tindouf,27.6711,-8.1474,18.44,60,0,9.74,DZ,1686539824
120,isafjordur,66.0755,-23.124,7.24,80,92,6.67,IS,1686540262
121,newman,37.3138,-121.0208,24.19,54,90,2.24,US,1686539695
122,umm kaddadah,13.6017,26.6876,25.81,63,100,6.55,SD,1686539714
123,siwa oasis,29.2041,25.5195,27.2,33,19,2.74,EG,1686540078
124,arraial do cabo,-22.9661,-42.0278,22.03,80,0,4.11,BR,1686540263
125,sisimiut,66.9395,-53.6735,4.38,67,100,16.78,GL,1686539814
126,kikwit,-5.041,18.8162,21.2,95,98,0.53,CD,1686540263
127,uturoa,-16.7333,-151.4333,27.03,71,19,7.76,PF,1686540263
128,revda,56.801,59.9303,8.12,47,7,2.25,RU,1686539693
129,anadyr,64.75,177.4833,11.28,58,0,4.0,RU,1686540263
130,alice springs,-23.7,133.8833,22.75,33,100,2.57,AU,1686540264
131,bredasdorp,-34.5322,20.0403,12.43,83,31,7.54,ZA,1686540264
132,west island,-12.1568,96.8225,26.99,74,75,9.94,CC,1686540264
133,vilyuysk,63.7553,121.6247,7.4,55,100,5.33,RU,1686539736
134,yazman,29.1212,71.7446,36.53,33,0,10.77,PK,1686540265
135,queenstown,-31.8976,26.8753,8.03,33,1,3.6,ZA,1686539754
136,yuzhno-kurilsk,44.0306,145.8556,13.86,91,100,5.19,RU,1686539742
137,farsan,32.2569,50.561,13.02,34,0,0.54,IR,1686540265
138,kapa'a,22.0752,-159.319,27.18,78,75,6.69,US,1686539627
139,kodiak,57.79,-152.4072,9.73,66,100,5.14,US,1686540265
140,villiers,-27.0303,28.6006,6.67,44,0,1.73,ZA,1686540266
141,kapenguria,1.2511,35.0895,12.67,90,97,1.26,KE,1686540266
142,sheregesh,52.9209,87.9869,15.35,56,100,0.47,RU,1686540266
143,callao,-12.0667,-77.15,22.16,73,100,6.69,PE,1686539816
144,koungheul,13.9833,-14.8,28.19,68,83,5.28,SN,1686540267
145,atherton,53.5237,-2.4935,18.08,89,100,1.9,GB,1686540267
146,howrah,22.5892,88.3103,29.0,84,100,1.54,IN,1686539708
147,talcahuano,-36.7167,-73.1167,4.82,87,0,2.57,CL,1686539943
148,st. john's,47.5649,-52.7093,7.04,95,100,13.38,CA,1686540185
149,marka,1.7159,44.7717,25.47,84,94,7.3,SO,1686540268
150,long beach,33.767,-118.1892,18.95,83,100,4.12,US,1686539577
151,mina clavero,-31.721,-65.0062,5.17,48,0,1.31,AR,1686540268
152,port saint john's,-31.6229,29.5448,17.07,36,100,3.27,ZA,1686539766
153,punta arenas,-53.15,-70.9167,5.06,81,20,15.95,CL,1686539460
154,kerikeri,-35.2268,173.9474,17.73,67,3,1.79,NZ,1686539974
155,usogorsk,63.4106,48.6872,8.38,64,36,2.22,RU,1686540269
156,al mijlad,11.0333,27.7333,27.01,62,100,4.01,SD,1686540269
157,port lincoln,-34.7333,135.8667,17.51,52,79,9.12,AU,1686540270
158,tocoa,15.6833,-86.0,25.71,93,31,1.19,HN,1686540270
159,fale old settlement,-9.3852,-171.2468,28.85,77,100,6.38,TK,1686540270
160,praia da vitoria,38.7333,-27.0667,19.14,88,20,6.59,PT,1686539733
161,novodvinsk,64.4165,40.8122,12.02,64,90,3.18,RU,1686539691
162,salmas,38.1973,44.7653,20.47,49,29,0.45,IR,1686540271
163,ulladulla,-35.35,150.4667,19.02,36,100,2.59,AU,1686539677
164,crane,31.3974,-102.3501,31.96,34,54,6.78,US,1686539855
165,mezhdurechensk,53.6942,88.0603,19.76,47,12,1.0,RU,1686540271
166,oranjestad,12.524,-70.027,28.97,87,20,8.23,AW,1686539895
167,carauari,-4.8828,-66.8958,22.89,97,50,0.36,BR,1686539849
168,nagqu,31.5,92.0,9.62,46,71,3.37,CN,1686539743
169,remire-montjoly,4.9167,-52.2667,24.02,94,100,1.03,GF,1686539680
170,hermanus,-34.4187,19.2345,13.22,82,15,8.39,ZA,1686539692
171,acapulco de juarez,16.8634,-99.8901,29.9,74,75,2.06,MX,1686539533
172,sulkowice,49.8405,19.801,11.07,98,7,1.91,PL,1686540272
173,bonthe,7.5264,-12.505,24.67,89,97,0.69,SL,1686539501
174,navalgund,15.5667,75.3667,27.5,62,50,7.15,IN,1686540273
175,college,64.8569,-147.8028,19.21,39,40,2.06,US,1686540273
176,papatowai,-46.5619,169.4708,10.35,74,68,6.08,NZ,1686540273
177,vilyuchinsk,52.9306,158.4028,23.15,52,84,1.34,RU,1686539680
178,canutama,-6.5339,-64.3831,23.63,95,99,0.85,BR,1686540273
179,bandar lampung,-5.4254,105.258,29.62,64,30,1.47,ID,1686539802
180,bredy,52.4153,60.3411,11.76,54,100,6.43,RU,1686540274
181,vorgashor,67.5833,63.95,2.19,63,95,8.26,RU,1686540274
182,yershov,51.3513,48.2766,13.79,58,89,8.11,RU,1686540157
183,tateyama,34.9833,139.8667,22.96,94,75,1.54,JP,1686540274
184,kingscliff,-28.2667,153.5667,22.07,68,100,2.57,AU,1686540275
185,tullamore,53.2739,-7.4889,15.77,92,100,1.97,IE,1686540275
186,namtsy,62.7161,129.6658,15.48,63,98,7.19,RU,1686540275
187,nar'yan-mar,67.6713,53.087,4.89,54,75,1.2,RU,1686540275
188,antsiranana,-12.2787,49.2917,22.2,86,44,4.17,MG,1686539857
189,pisco,-13.7,-76.2167,17.79,82,21,2.57,PE,1686539724
190,chinchilla,-26.75,150.6333,22.11,38,2,1.19,AU,1686540276
191,murray bridge,-35.1167,139.2667,18.96,42,82,7.18,AU,1686540276
192,buchanan,5.8808,-10.0467,24.73,91,99,4.66,LR,1686540276
193,al qubbah,32.7616,22.2424,17.99,59,72,3.28,LY,1686540277
194,dhuusamarreeb,5.535,46.3861,24.41,69,97,8.81,SO,1686540277
195,turabah,21.2141,41.6331,27.21,32,54,4.22,SA,1686540277
196,masinloc,15.5333,120.05,20.73,94,100,4.19,PH,1686540277
197,zacharo,37.4833,21.65,20.61,87,1,1.71,GR,1686540277
198,coquimbo,-29.9533,-71.3436,9.85,87,0,1.03,CL,1686540176
199,saskatoon,52.1168,-106.6345,22.99,46,40,2.57,CA,1686540278
200,saldanha,-33.0117,17.9442,13.03,82,1,5.06,ZA,1686540278
201,tiksi,71.6872,128.8694,0.54,85,100,6.35,RU,1686540278
202,saint-pierre,-21.3393,55.4781,21.82,68,0,3.6,RE,1686539727
203,puerto ayora,-0.7393,-90.3518,26.42,89,87,4.92,EC,1686540279
204,revelstoke,50.9832,-118.2023,24.01,64,100,5.66,CA,1686540279
205,badagry,6.4167,2.8833,24.98,84,100,3.38,NG,1686540279
206,metlili chaamba,32.2667,3.6333,26.03,41,0,3.97,DZ,1686540279
207,itoman,26.1247,127.6694,29.43,83,75,3.09,JP,1686539881
208,hawaiian paradise park,19.5933,-154.9731,27.73,63,0,3.09,US,1686540280
209,posse,-14.0931,-46.3694,21.47,47,19,2.92,BR,1686540280
210,oliva,38.9197,-0.1194,22.02,86,60,1.34,ES,1686540280
211,utrik,11.2278,169.8474,27.74,82,63,7.32,MH,1686540280
212,haenam,34.5711,126.5989,25.49,57,75,2.44,KR,1686540280
213,zhumysker,49.3333,49.4,20.61,50,100,6.34,KZ,1686540281
214,padang,-0.9492,100.3543,28.03,64,89,0.97,ID,1686540139
215,beledweyne,4.7358,45.2036,24.51,64,100,7.39,SO,1686539898
216,palmas,-10.2128,-48.3603,22.93,78,0,2.06,BR,1686540281
217,georgetown,5.4112,100.3354,32.75,68,40,6.17,MY,1686539856
218,teknaf,20.8624,92.3058,29.61,76,73,4.98,BD,1686539856
219,mikun',62.3547,50.0771,8.55,61,11,2.29,RU,1686540282
220,mahina,-17.5065,-149.489,27.87,65,20,5.14,PF,1686539846
221,malacacheta,-17.8422,-42.0767,19.35,76,81,1.41,BR,1686540282
222,tazovsky,67.4667,78.7,8.33,80,19,5.99,RU,1686540282
223,hirara,24.8,125.2833,28.15,89,75,2.06,JP,1686540138
224,winnemucca,40.973,-117.7357,13.03,94,100,4.63,US,1686539776
225,qaqortoq,60.7167,-46.0333,4.07,82,5,1.98,GL,1686540283
226,jeju city,33.5097,126.5219,21.96,88,75,2.06,KR,1686540283
227,bastos,-21.9219,-50.7339,19.47,52,0,2.03,BR,1686540283
228,san sebastian de la gomera,28.0916,-17.1133,21.88,94,0,1.54,ES,1686540284
229,jianshui,23.6363,102.8264,23.16,81,98,1.21,CN,1686540284
230,verkhovazh'ye,60.7472,42.0465,9.96,62,33,2.52,RU,1686540284
231,gympie,-26.1898,152.665,17.88,64,37,2.06,AU,1686540284
232,gantiadi,43.3811,40.0794,19.09,100,100,2.0,GE,1686540285
233,laguna,38.421,-121.4238,24.06,67,0,7.2,US,1686539789
234,geneina,13.45,22.45,25.86,59,100,2.48,SD,1686540285
235,constantia,44.1833,28.65,16.5,86,64,8.21,RO,1686540140
236,pelabuhan klang,3.0,101.4,30.1,88,100,4.05,MY,1686540285
237,puerto lempira,15.2667,-83.7667,27.95,82,90,3.32,HN,1686540285
238,hampton bays,40.869,-72.5176,20.04,94,0,2.06,US,1686540286
239,dellys,36.9172,3.9131,21.1,70,3,1.57,DZ,1686540227
240,port elizabeth,-33.918,25.5701,15.17,83,0,8.75,ZA,1686540286
241,mejit,10.2753,170.8646,28.23,76,74,8.19,MH,1686539857
242,boudouaou,36.7273,3.41,16.01,94,0,2.06,DZ,1686540286
243,blackwater,-23.5833,148.8833,24.47,41,24,1.86,AU,1686540287
244,haiku-pauwela,20.9219,-156.3051,27.87,61,0,8.75,US,1686539689
245,vega de alatorre,20.0333,-96.6333,27.93,91,15,3.45,MX,1686540195
246,isla soyaltepec,18.2117,-96.4839,28.23,82,18,1.13,MX,1686540078
247,kristiansund,63.1115,7.732,12.36,76,75,0.0,NO,1686539733
248,rundu,-17.9333,19.7667,13.54,39,9,1.39,NA,1686540288
249,rio grande,-32.035,-52.0986,8.75,70,3,5.29,BR,1686540288
250,tazacorte,28.629,-17.9293,21.54,86,40,3.13,ES,1686539725
251,oodweyne,9.4092,45.064,22.74,63,100,5.79,SO,1686540289
252,hamilton,39.1834,-84.5333,18.0,95,100,6.17,US,1686540289
253,olyokminsk,60.3736,120.4264,11.51,66,100,4.88,RU,1686539956
254,olonkinbyen,70.9221,-8.7187,0.92,98,100,5.2,SJ,1686540289
255,ngorongoro,-3.2397,35.4875,7.39,88,60,1.46,TZ,1686540289
256,lichtenburg,-26.152,26.1597,10.63,47,20,6.53,ZA,1686540290
257,aasiaat,68.7098,-52.8699,0.6,98,100,3.87,GL,1686540290
258,pathardi,19.1667,75.1833,29.15,49,6,6.88,IN,1686540290
259,fort stockton,30.894,-102.8793,29.03,39,0,8.75,US,1686540290
260,liberal,37.0431,-100.921,21.58,73,0,5.14,US,1686540271
261,rio de janeiro,-22.9028,-43.2075,22.98,73,0,3.09,BR,1686540291
262,kapuskasing,49.4169,-82.4331,11.05,71,75,3.09,CA,1686539705
263,as sulayyil,20.4607,45.5779,32.14,13,22,2.46,SA,1686540291
264,miri,4.4148,114.0089,33.08,66,40,2.06,MY,1686539713
265,piti village,13.4626,144.6933,31.03,81,75,7.2,GU,1686540092
266,slave lake,55.2834,-114.769,19.99,73,100,1.03,CA,1686539701
267,margate,51.3813,1.3862,16.84,89,46,1.79,GB,1686539807
268,ma'rib,15.4591,45.3253,27.75,39,100,3.0,YE,1686540292
269,kruisfontein,-34.0033,24.7314,9.38,87,91,3.6,ZA,1686540292
270,santo antonio,-6.3106,-35.4789,21.76,98,49,3.04,BR,1686540293
271,gizo,-8.103,156.8419,29.04,72,15,2.07,SB,1686540166
272,dalandzadgad,43.5708,104.425,26.5,15,8,5.52,MN,1686540293
273,namibe,-15.1961,12.1522,17.66,73,3,4.31,AO,1686540293
274,sinjai,-5.1241,120.253,28.82,69,75,3.04,ID,1686540293
275,geraldton,-28.7667,114.6,17.23,55,75,5.14,AU,1686539761
276,mpika,-11.8343,31.4529,12.04,76,29,1.95,ZM,1686540294
277,iskateley,67.6803,53.1512,4.8,54,75,1.31,RU,1686539723
278,inirida,3.8653,-67.9239,23.49,97,57,0.45,CO,1686540294
279,puerto aysen,-45.4,-72.7,1.6,97,43,1.7,CL,1686539797
280,felahiye,39.0906,35.5672,12.41,82,99,0.31,TR,1686540295
281,kavieng,-2.5744,150.7967,29.44,72,67,6.28,PG,1686539878
282,aroma,15.8167,36.1333,28.77,56,44,5.14,SD,1686539878
283,ancud,-41.8697,-73.8203,6.49,82,32,2.62,CL,1686540295
284,lebu,-37.6167,-73.65,8.07,78,13,6.69,CL,1686539834
285,kolpashevo,58.3131,82.9089,15.39,61,100,4.7,RU,1686540296
286,colonia,50.9333,6.95,18.25,68,0,1.54,DE,1686540296
287,bom jesus dos perdoes,-23.135,-46.4653,14.92,75,4,1.35,BR,1686540296
288,cabedelo,-6.9811,-34.8339,23.37,88,35,3.74,BR,1686539809
289,umm al quwain city,25.5647,55.5552,32.18,52,72,2.76,AE,1686540297
290,shimoda,34.6667,138.95,22.28,98,100,2.3,JP,1686539958
291,dengzhou,37.8086,120.7508,20.73,62,79,3.46,CN,1686540297
292,kaa-khem,51.6833,94.7333,19.91,61,95,5.2,RU,1686539983
293,chibougamau,49.9168,-74.3659,13.79,88,0,1.03,CA,1686539762
294,tambopata,-12.7333,-69.1833,21.82,99,25,0.56,PE,1686539773
295,takoradi,4.8845,-1.7554,25.44,74,95,3.92,GH,1686540298
296,metahara,8.9,39.9167,23.38,63,98,3.66,ET,1686540298
297,brookings,44.3114,-96.7984,16.0,61,0,0.0,US,1686540298
298,san bernardo del viento,9.3533,-75.9524,27.99,83,29,3.91,CO,1686540298
299,qusmuryn,52.4503,64.6311,15.95,50,81,7.71,KZ,1686540298
300,yenotayevka,47.2456,47.0281,24.31,41,73,4.42,RU,1686540299
301,ishigaki,24.3448,124.1572,28.07,89,75,4.12,JP,1686540299
302,ilha de mocambique,-15.0342,40.7358,23.87,78,3,4.67,MZ,1686539832
303,tura,25.5198,90.2201,29.34,66,100,2.05,IN,1686540299
304,sitka,57.0531,-135.33,10.94,87,100,6.69,US,1686540300
305,kilindoni,-7.9139,39.6668,26.29,69,76,5.95,TZ,1686540300
306,brisas de zicatela,15.8369,-97.0419,30.29,70,20,1.03,MX,1686539735
307,urengoy,65.9667,78.3667,10.75,53,48,6.7,RU,1686539708
308,ta`u,-14.2336,-169.5144,27.58,80,17,7.29,AS,1686539723
309,mutuali,-14.8706,37.0044,14.28,87,0,0.73,MZ,1686540168
310,rongelap,11.1635,166.8941,27.85,80,90,7.99,MH,1686540301
311,luang namtha,20.9497,101.4011,29.01,79,75,3.09,LA,1686540157
312,flying fish cove,-10.4217,105.6791,26.82,89,100,5.66,CX,1686539721
313,chagoda,59.164,35.3285,10.48,57,15,0.29,RU,1686540301
314,ilulissat,69.2167,-51.1,8.01,66,100,5.14,GL,1686540301
315,meadow lakes,61.6247,-149.6011,15.5,55,100,3.6,US,1686539821
316,gouyave,12.1646,-61.7296,27.43,83,40,6.17,GD,1686540302
317,kollum,53.277,6.1529,17.99,69,78,3.67,NL,1686540302
318,sakakah,29.9697,40.2064,25.76,26,0,2.69,SA,1686540302
319,laayoune,27.1622,-13.2032,20.19,100,0,3.09,EH,1686540303
320,argo,37.6333,22.7333,17.66,80,1,1.43,GR,1686539776
321,kharp,66.8014,65.8081,3.4,68,100,7.33,RU,1686540303
322,zaragoza,41.6561,-0.8773,18.9,66,0,1.54,ES,1686540162
323,posto fiscal rolim de moura,-13.0833,-62.2667,23.32,88,13,0.98,BR,1686540303
324,san carlos,9.6612,-68.5827,24.38,91,98,1.1,VE,1686540304
325,san patricio,28.017,-97.5169,28.42,84,0,6.24,US,1686539722
326,allen,41.0706,-85.0144,16.06,92,100,4.12,US,1686539886
327,mirnyy,62.5353,113.9611,7.91,49,93,7.15,RU,1686539974
328,campeche,19.0,-90.5,29.15,63,17,1.79,MX,1686539716
329,howard springs,-12.497,131.047,30.95,34,9,3.43,AU,1686540130
330,higuera de zaragoza,25.95,-109.2833,26.96,47,3,1.99,MX,1686540305
331,quartu sant'elena,39.2419,9.1839,21.69,81,0,3.09,IT,1686540305
332,cadale,2.7603,46.3222,25.87,82,97,8.44,SO,1686540305
333,katsuura,35.1333,140.3,23.01,98,100,1.97,JP,1686540306
334,sechelt,49.4664,-123.7694,24.62,68,0,0.99,CA,1686540306
335,kuta,-8.7233,115.1723,28.97,79,20,8.23,ID,1686539806
336,talara,-4.5772,-81.2719,24.14,83,7,8.29,PE,1686539726
337,benito juarez,19.385,-99.165,23.33,51,75,3.09,MX,1686540146
338,wakkanai,45.4094,141.6739,22.99,60,75,8.23,JP,1686539877
339,nizhniy odes,63.6445,54.856,6.18,58,36,3.33,RU,1686540307
340,tanjung pandan,-2.75,107.65,29.92,70,77,4.56,ID,1686540307
341,vila do maio,15.1333,-23.2167,25.44,88,1,8.65,CV,1686540307
342,gaalkacyo,6.7697,47.4308,24.59,68,100,8.67,SO,1686540308
343,klyuchi,52.2667,79.1667,21.2,40,0,0.45,RU,1686540308
344,quang ngai,15.1167,108.8,29.05,71,92,2.23,VN,1686540308
345,dudinka,69.4058,86.1778,7.57,77,100,10.71,RU,1686540309
346,nuevitas,21.5453,-77.2644,25.43,90,95,2.47,CU,1686540309
347,broome,42.2506,-75.833,22.21,62,20,2.57,US,1686539771
348,side,36.7667,31.3885,21.59,85,100,2.12,TR,1686540309
349,murzuq,25.9155,13.9184,29.77,14,2,6.11,LY,1686540004
350,hasaki,35.7333,140.8333,21.27,94,100,2.14,JP,1686540310
351,bamboo flat,11.7,92.7167,28.35,84,100,8.27,IN,1686540310
352,touros,-5.1989,-35.4608,23.92,91,29,3.56,BR,1686540310
353,dyurtyuli,55.4911,54.8688,9.99,60,100,3.87,RU,1686540007
354,guerrero negro,27.9769,-114.0611,17.45,72,0,6.07,MX,1686540139
355,waddan,29.1614,16.139,23.25,58,0,6.8,LY,1686540311
356,prince george,53.9166,-122.753,24.69,23,0,2.57,CA,1686540084
357,kabare,-2.4683,28.8242,15.04,89,88,0.53,CD,1686540311
358,keflavik,64.0049,-22.5624,7.95,87,100,5.66,IS,1686540311
359,hadibu,12.65,54.0333,28.13,79,99,9.36,YE,1686540312
360,magadan,59.5667,150.8,17.52,85,91,3.81,RU,1686540312
361,ranot,7.7777,100.3213,29.93,65,100,2.44,TH,1686540312
362,suva,-18.1416,178.4415,25.71,69,75,4.12,FJ,1686539735
363,luanda,-8.8368,13.2343,23.0,83,75,3.6,AO,1686539741
364,kintinku,-5.8833,35.2333,16.56,81,54,1.41,TZ,1686540313
365,darwin,-12.4611,130.8418,30.99,40,0,2.57,AU,1686539701
366,loango,-4.6719,11.8312,23.81,94,100,2.06,CG,1686540313
367,tsiombe,-25.3,45.4833,16.64,91,21,0.68,MG,1686540314
368,salinopolis,-0.6136,-47.3561,25.83,87,10,4.47,BR,1686540065
369,richfield,44.8833,-93.283,16.12,57,0,0.0,US,1686540182
370,manggar,-2.8833,108.2667,28.53,79,99,6.0,ID,1686540106
371,katsuren-haebaru,26.3369,127.8719,28.43,73,100,3.09,JP,1686540314
372,linxia chengguanzhen,35.6003,103.2064,17.21,58,81,2.06,CN,1686539991
373,withernsea,53.7311,0.0335,14.49,93,98,3.52,GB,1686540315
374,chimbarongo,-34.7,-71.05,-0.15,82,0,1.68,CL,1686540315
375,auki,-8.7676,160.7034,29.93,66,11,2.2,SB,1686539769
376,pitimbu,-7.4706,-34.8086,23.33,88,12,3.03,BR,1686540315
377,bubaque,11.2833,-15.8333,27.23,83,96,6.0,GW,1686540316
378,ambon,-3.6954,128.1814,33.08,79,40,1.54,ID,1686540316
379,la'ie,21.6477,-157.9253,28.98,69,20,3.58,US,1686540316
380,turpan,42.9333,89.1667,40.29,10,0,0.86,CN,1686540316
381,tamiahua,21.2667,-97.45,27.14,95,13,3.27,MX,1686540207
382,'ain benian,36.8028,2.9219,16.03,69,3,1.0,DZ,1686540317
383,saint-philippe,-21.3585,55.7679,21.77,80,36,3.51,RE,1686539740
384,aginskoye,51.1,114.53,27.97,27,92,1.4,RU,1686540317
385,island harbour,50.724,-1.2758,17.18,94,98,0.89,GB,1686539802
386,ust-nera,64.5667,143.2,18.65,55,100,4.22,RU,1686540317
387,hailun,47.45,126.9333,24.44,41,55,2.14,CN,1686540318
388,wenchang,30.904,118.4887,30.09,58,92,2.78,CN,1686539741
389,nueva gerona,21.8833,-82.8,28.29,75,27,4.17,CU,1686539806
390,tangalle,6.024,80.7911,29.09,73,100,6.36,LK,1686539672
391,taoudenni,22.6783,-3.9836,32.05,12,2,4.75,ML,1686540075
392,anatuya,-28.4606,-62.8347,8.3,44,18,2.64,AR,1686540319
393,leona vicario,20.9667,-87.1917,28.93,93,1,1.46,MX,1686540319
394,serdar,38.9764,56.2757,27.83,47,98,1.24,TM,1686540319
395,kalmunai,7.4167,81.8167,29.71,66,95,1.19,LK,1686539953
396,mancio lima,-7.6142,-72.8958,25.04,94,0,2.06,BR,1686540319
397,igarka,67.4667,86.5833,7.72,93,100,9.65,RU,1686539882
398,kostyantynivka,48.5277,37.7069,12.25,93,100,5.63,UA,1686540320
399,lihue,21.9789,-159.3672,26.77,74,75,6.69,US,1686540277
400,funafuti,-8.5243,179.1942,32.0,79,75,7.72,TV,1686540320
401,murghob,38.1702,73.9667,10.7,41,98,1.82,TJ,1686540320
402,krasnotur'insk,59.7666,60.2086,7.33,46,1,4.61,RU,1686540074
403,farafangana,-22.8167,47.8333,19.03,93,26,1.73,MG,1686539969
404,chita,52.0333,113.55,23.94,36,100,2.0,RU,1686540321
405,rushville,39.6092,-85.4464,15.97,90,100,3.13,US,1686540321
406,yamoussoukro,6.8206,-5.2767,22.94,100,100,3.09,CI,1686540321
407,san juan de miraflores,-12.1629,-76.9635,21.29,81,81,3.5,PE,1686540322
408,pitiquito,30.7,-112.0833,24.27,31,0,5.78,MX,1686540322
409,santa rita do sapucai,-22.2522,-45.7033,15.04,89,1,0.79,BR,1686540265
410,sinabang,2.4803,96.3801,28.15,77,98,0.73,ID,1686540322
411,kittila,67.6647,24.8936,13.08,58,0,1.54,FI,1686540323
412,kouango,4.9934,19.9619,21.99,91,98,1.28,CF,1686540323
413,ada,43.4166,-116.1262,22.39,63,0,4.02,US,1686540323
414,al bardiyah,31.7561,25.0865,20.74,76,11,3.6,LY,1686540323
415,port-vila,-17.7338,168.3219,24.78,78,75,4.12,VU,1686540324
416,sinan,34.8262,126.1086,24.06,86,13,4.06,KR,1686540324
417,castillos,-34.1667,-53.8333,5.12,78,4,3.85,UY,1686539980
418,ndele,8.4109,20.6473,22.14,93,99,0.52,CF,1686539783
419,lompoc,34.6391,-120.4579,17.79,84,0,2.68,US,1686540106
420,cascais,38.6979,-9.4215,20.63,93,13,5.81,PT,1686539813
421,quellon,-43.1167,-73.6167,4.14,93,0,1.54,CL,1686539938
422,cuajinicuilapa,16.4667,-98.4167,27.48,75,83,0.89,MX,1686540325
423,tame,6.461,-71.73,23.2,87,56,1.86,CO,1686540325
424,port moresby,-9.4431,147.1797,30.68,70,40,2.57,PG,1686540325
425,coronel oviedo,-25.4167,-56.45,12.22,65,99,3.31,PY,1686540162
426,macapa,0.0389,-51.0664,26.99,94,75,3.09,BR,1686539999
427,nikolayevsk-on-amure,53.1406,140.73,10.69,85,100,1.7,RU,1686540326
428,fort mcmurray,56.7268,-111.381,23.77,43,0,2.06,CA,1686539862
429,luderitz,-26.6481,15.1594,14.77,74,99,1.77,NA,1686540326
430,holualoa,19.6228,-155.9522,24.91,79,75,4.63,US,1686540326
431,grande prairie,55.1667,-118.8027,22.1,46,40,1.54,CA,1686540327
432,polyarnyy,69.1989,33.4478,7.56,85,100,4.92,RU,1686540327
433,mili,6.0815,171.735,28.4,75,90,8.17,MH,1686540327
434,motygino,58.1831,94.7592,17.0,35,0,3.11,RU,1686540327
435,la gorgue,50.6379,2.715,17.67,89,93,1.53,FR,1686540037
436,portland,45.5234,-122.6762,23.65,60,20,7.2,US,1686539657
437,sao jose da coroa grande,-8.8978,-35.1478,24.93,83,16,3.77,BR,1686539914
438,chernyshevskiy,63.0128,112.4714,7.9,45,100,3.6,RU,1686540328
439,new norfolk,-42.7826,147.0587,15.51,78,55,1.55,AU,1686540328
440,fisterra,42.9049,-9.2629,16.68,91,100,4.13,ES,1686540329
441,hanceville,34.0607,-86.7675,21.68,93,100,4.73,US,1686540329
442,kayangel,8.0823,134.7173,28.7,79,23,4.74,PW,1686540256
443,tocache,-8.1842,-76.5125,21.24,98,14,0.38,PE,1686540329
444,urangan,-25.3,152.9,20.77,68,9,0.73,AU,1686540329
445,buka,40.8108,69.1986,28.6,34,3,6.1,UZ,1686540330
446,caleta olivia,-46.4393,-67.5281,5.07,59,12,4.08,AR,1686540077
447,neiafu,-18.65,-173.9833,25.38,78,75,2.06,TO,1686539884
448,twentynine palms,34.1356,-116.0542,24.08,33,4,2.68,US,1686540221
449,zuromin,53.0661,19.9089,8.52,71,1,3.83,PL,1686540330
450,kwatarkwashi,12.1408,6.822,25.4,69,47,3.55,NG,1686540330
451,kissidougou,9.1848,-10.0999,20.82,99,100,1.68,GN,1686540331
452,taldykorgan,45.0156,78.3739,23.8,29,6,8.17,KZ,1686540331
453,nianzishan,47.5167,122.8833,25.13,45,24,3.52,CN,1686540331
454,ginir,7.1333,40.7,13.65,83,100,2.18,ET,1686540331
455,aral,40.5156,81.2636,34.87,10,20,2.29,CN,1686540332
456,kavalerovo,44.2661,135.0572,18.73,86,100,1.27,RU,1686540332
457,tara,56.8944,74.371,13.03,53,48,4.39,RU,1686539975
458,loa janan,-0.583,117.095,31.35,63,63,1.85,ID,1686540172
459,ulety,51.3572,112.4849,27.42,28,100,2.43,RU,1686540333
460,victoria point,-27.5833,153.3,22.17,75,88,0.45,AU,1686540333
461,agrinio,38.6214,21.4078,17.54,86,21,1.37,GR,1686540333
462,tete,-16.1564,33.5867,20.05,83,20,1.54,MZ,1686540333
463,nyurba,63.2842,118.3319,7.2,54,100,4.73,RU,1686540333
464,ust'-ilimsk,58.0006,102.6619,14.91,40,3,3.07,RU,1686539841
465,motueka,-41.1333,173.0167,15.61,63,0,1.14,NZ,1686540334
466,corfu,39.62,19.9197,19.88,88,20,0.0,GR,1686540334
467,tortoli,39.9256,9.6572,19.9,77,0,4.63,IT,1686540334
468,aguas formosas,-17.0822,-40.9358,19.9,86,46,1.54,BR,1686540334
469,san antonio de pale,-1.4014,5.6325,24.73,86,100,5.72,GQ,1686539740
470,kasama,-10.2129,31.1808,11.37,79,65,1.04,ZM,1686540335
471,kavaratti,10.5669,72.642,29.51,77,94,9.8,IN,1686539885
472,arkalyk,50.2486,66.9114,24.9,20,8,1.48,KZ,1686540335
473,jiazi,22.8779,116.067,29.82,75,15,5.1,CN,1686540335
474,kendari,-3.945,122.4989,24.46,93,100,0.47,ID,1686540178
475,tralee,52.2704,-9.7026,12.13,94,16,0.86,IE,1686540336
476,quepem,15.2167,74.0667,27.87,77,98,3.88,IN,1686540336
477,flin flon,54.7682,-101.865,20.35,57,14,3.71,CA,1686540203
478,la passe,45.5549,-0.8967,18.13,86,26,2.75,FR,1686540336
479,rajgarh,28.6333,75.3833,36.14,30,0,8.84,IN,1686540337
480,bien hoa,10.95,106.8167,30.99,64,97,4.93,VN,1686540129
481,fedorovka,53.6314,62.7078,11.59,50,70,4.09,KZ,1686540337
482,bentiu,9.2333,29.8333,23.48,83,93,0.72,SS,1686540337
483,kailua-kona,19.6406,-155.9956,26.98,79,75,4.63,US,1686539753
484,belmonte,-15.8631,-38.8828,23.2,85,0,2.06,BR,1686539897
485,kedrovyy,56.1667,91.8167,14.37,34,19,4.4,RU,1686540339
486,malvan,16.0667,73.4667,29.42,76,63,7.38,IN,1686539797
487,kuanda,56.3161,116.0806,15.42,79,100,5.35,RU,1686540139
488,raja,8.4596,25.678,20.71,93,98,1.74,SS,1686540074
489,atbasar,51.8,68.3333,21.12,51,55,3.25,KZ,1686540340
490,beasain,43.0502,-2.2009,17.67,94,88,1.29,ES,1686540340
491,trincomalee,8.5711,81.2335,29.7,72,100,8.04,LK,1686540340
492,gaiman,-43.2897,-65.4929,4.26,59,0,3.43,AR,1686539851
493,zouerate,22.7187,-12.4521,27.05,27,42,4.28,MR,1686539982
494,ixtapa,20.7,-105.2,26.57,83,40,3.6,MX,1686540341
495,muynoq,43.7683,59.0214,27.05,30,0,7.95,UZ,1686539819
496,le port,-20.9373,55.2919,22.0,89,16,2.51,RE,1686540341
497,sao vicente,-23.9631,-46.3919,23.88,26,9,3.18,BR,1686540053
498,hinton,53.4001,-117.5857,17.35,71,100,0.66,CA,1686539855
499,lorengau,-2.0226,147.2712,28.58,80,43,3.92,PG,1686539881
500,nova vicosa,-17.8919,-39.3719,22.84,88,19,4.11,BR,1686539746
501,serebryanyye prudy,54.4692,38.721,7.54,73,22,5.4,RU,1686540342
502,homer,59.6425,-151.5483,10.94,62,100,6.69,US,1686540342
503,hafar al-batin,28.4328,45.9708,32.32,18,0,2.57,SA,1686539823
504,nouadhibou,20.931,-17.0347,21.06,80,3,8.03,MR,1686540343
505,lazaro cardenas,17.9583,-102.2,26.71,78,3,2.53,MX,1686540066
506,thunder bay,48.4001,-89.3168,9.99,71,100,2.06,CA,1686540343
507,kone,-21.0595,164.8658,25.8,45,7,2.62,NC,1686540343
508,el granada,37.5027,-122.4694,18.27,84,100,5.14,US,1686539924
509,kuching,1.55,110.3333,31.74,72,20,2.57,MY,1686540344
510,kandalaksha,67.162,32.4123,13.7,54,98,1.51,RU,1686540344
511,nieuw amsterdam,5.8833,-55.0833,25.57,90,85,2.89,SR,1686539966
512,gannan,47.9147,123.5031,26.29,42,33,3.28,CN,1686540344
513,ocean shores,46.9737,-124.1563,18.0,86,0,4.12,US,1686539885
514,sanchor,24.7553,71.7722,32.8,47,22,6.62,IN,1686540345
515,canton,23.1167,113.25,32.15,52,48,2.03,CN,1686540091
516,akureyri,65.6835,-18.0878,8.96,57,0,11.32,IS,1686539778
517,antalaha,-14.9003,50.2788,20.45,90,8,2.24,MG,1686540345
518,bath,51.3779,-2.3591,17.21,94,86,1.17,GB,1686540102
519,siilinjarvi,63.0833,27.6667,13.01,54,0,2.57,FI,1686540346
520,la ronge,55.1001,-105.2842,26.12,33,40,3.6,CA,1686540346
521,kaifeng,34.7911,114.3483,29.73,37,98,3.63,CN,1686540346
522,dakhla,23.6848,-15.958,21.31,83,0,6.6,EH,1686539810
523,marsa alam,25.0757,34.8918,28.85,42,0,1.36,EG,1686540347
524,weno,7.4515,151.8468,28.97,89,100,2.06,FM,1686540347
525,aykhal,66.0,111.5,4.4,74,34,5.19,RU,1686540347
526,krasnokholm,51.5979,54.1567,17.22,71,100,8.81,RU,1686540347
527,aur,8.1499,171.1687,28.55,79,95,7.58,MH,1686540347
528,pacasmayo,-7.4006,-79.5714,22.06,85,32,5.89,PE,1686540348
529,mata-utu,-13.2816,-176.1745,27.59,80,50,6.07,WF,1686540124
530,puerto baquerizo moreno,-0.9,-89.6,25.88,74,83,6.72,EC,1686540348
531,atar,20.5169,-13.0499,29.31,26,37,4.21,MR,1686540348
532,brezova pod bradlom,48.6635,17.539,11.43,90,4,2.24,SK,1686540349
533,alofi,-19.0595,-169.9187,24.94,78,70,5.66,NU,1686540349
534,belaya kholunitsa,58.84,50.8528,8.16,55,9,1.91,RU,1686540349
535,harar,9.3094,42.1258,14.57,87,92,1.08,ET,1686540349
536,ulsteinvik,62.3432,5.8487,15.04,58,100,2.24,NO,1686539781
537,solleftea,63.1667,17.2667,13.31,69,100,1.24,SE,1686540350
538,galliano,29.4422,-90.2992,27.0,78,0,1.54,US,1686540350
539,springfield,37.2153,-93.2982,16.92,92,20,4.12,US,1686540322
540,camocim,-2.9022,-40.8411,24.23,90,0,4.1,BR,1686540350
541,proddatur,14.7333,78.55,31.83,48,89,7.68,IN,1686540351
542,lerwick,60.1545,-1.1494,11.0,97,69,3.04,GB,1686540351
543,bodo,67.28,14.405,9.32,98,100,2.57,NO,1686539752
544,san miguel,13.4833,-88.1833,24.45,97,98,1.14,SV,1686540351
545,midvagur,62.0511,-7.1939,5.46,75,2,0.0,FO,1686539859
546,vinica,41.8828,22.5092,15.88,86,72,1.43,MK,1686540352
547,kem',64.9555,34.5793,14.1,49,100,5.9,RU,1686539783
548,souillac,-20.5167,57.5167,22.21,94,40,1.54,MU,1686539881
549,sandnessjoen,66.0217,12.6316,13.69,74,100,3.58,NO,1686540352
550,gunnison,38.7,-107.0673,10.47,63,44,1.12,US,1686540353
551,blair,41.5444,-96.125,17.13,63,0,2.57,US,1686540298
552,port douglas,-16.4833,145.4667,25.18,69,13,4.28,AU,1686539766
553,vila franca do campo,37.7167,-25.4333,18.23,85,98,2.89,PT,1686539829
554,n'zeto,-7.2312,12.8666,22.4,90,99,3.02,AO,1686539917
555,dronero,44.4657,7.3513,16.76,94,91,1.62,IT,1686540354
556,vatutine,49.015,31.0621,12.27,89,100,5.35,UA,1686540354
557,acarau,-2.8856,-40.12,24.95,88,0,4.81,BR,1686540354
558,kabanga,-2.6386,30.4678,13.38,79,37,0.6,TZ,1686540354
559,farshut,26.0549,32.1633,27.1,30,0,1.53,EG,1686540354
